{
  "webPort": "9000",
  "channelUrl": "https://api.line-beta.me/v1/events",
  "channelToken": "jJBnwbOOH9CD8Zj1MUHPX5iH5mNPfcJS8U6xxQQ5ABspcNkSW4EdUHs3PEsmNB95v1ygmN6cmQoLDITUuYE0EyCFjYHpmdlYQSJGsyBHMU+nYMsLdaaE2zQ3zRUtM7Tx/sHwE29ZjM9zkz/AgaXiLHpJ1kKEJq0LCSVU/tnaeJM=", 
  "channelId": "1458585778",     
  "eventToChannelId": "1382394785", 
  "eventType": "138261613200062603",     
  "channelSecret": "138d1be4be84dba8ead4de7e5511ae10",
  "audioPort": 6000,
  "upperLimit": 25000,
  "noiseThreshold": 0.25,
  "minQuietTime": 30,
  "minNoiseTime": 5
}
